4CHR3,20
98-2160PY,2
AD001H-2,3
AD1240-48S-5,1
ADP-40PH AB,5
AHD2332SP,3
AHD233SP,1
AHD-2613/3.6,6
AHD701A3.6,3
AHD702AX4.2,16
AHD754A3.6,86
AHD761A3.6,56
AHD761A6,43
AHD771AX4.2,19
AHD831A3.6,89
AHD832A3.6,1
AHD834A3.6,82
AHD844AX4.2,6
AHD-CT24-130M-O,1
AHD-DT20-130M-O,1
AHD-DV130A130AO,1
AHD-GD7916,1
ANPR1EU,1
APBC13-RG59,1
AR2015E,2
AT-FS708/POE,1
B310,43
BASICR2,266
BL36.5T-UHN404P,2
BL-C121-PROMO B,2
BL-C1-PROMO A,1
BNC-RG59(PCS),39
BNC-RG6,2
BTE04S,2
BTS03W,5
C-30IR-30B8,2
C-30IR-30D8,2
CABLE-34-B0113,82
CABLE-34-B0114,391
C-ADAPTR-12V-5A,94
C-AHD-30BM1,176
C-AHD-30BM2,17
C-AHD-30BM2-6MM,88
C-AHD-30BMH2,97
C-AHD-30BMH2-6M,41
C-AHD-30DM1,136
C-AHD-30DM2-6MM,34
C-AHD-30DMH2,7
C-AHD-6MM LENS,14
CA-SOFTWARE,1
CMD2082P3.6,8
CMD2182X3.6P,5
CMD2422S,1
CMG156P,1
CMR128X2.2P,10
CMR158X3.6P,7
CMR224X2.2P,1
CMR228X2.2P,20
CMR228X3.6P,17
CMR7082P6,16
CMR7082X3.6P,12
CMR752X3.6P,27
CMW128X2.2P,23
CMW158X2.2P,7
CP1200A,1
CS-EG2W,1
CS-EP2W,2
CS-ES2W,1
CS-NVR3604DEW,1
D-AHD-4H1M1,7
D-AHD-8H2M2,6
DH032,1
DHD508AP,39
DHD5216,1
DHD6216,6
DIP1520-H,1
DS262,1
DS362,1
DUALR2,5
DVR204,1
DVR204A,18
DVR208A,1
DVR816D,10
E21V,1
E5R4052A,39
E5R4152AX,7
E5R9152A,35
E5R9252AX,56
EBE605XISS500AI,1
EBF301SP300AI,2
EBF30HSL300,6
EBMSCKF200,127
ED-102,36
ED-104,68
ED-122X,9
ED-142,170
EDHHSE300,63
ER-204,12
ER-212X,10
ES-916P,44
ES-916P6-OEM,20
ES-930P,9
ET1111H-S-MT,4
ET1212H-S-MT,1
EVR-3108E,9
F2R3682IM,3
F2R36C2IM,3
HD-AHD-1V-T/RF,19
HDD-2TB-SATA-SG,1
HDMI,5
HDMI-AV,5
HDMI-TV,1
HD-SB3512-20LCD,28
HID CARDS,10
HORN-CT651,6
IP-1000POE-1P,2
IPC0122P3,1
IPC0522E2,2
IPD6220ES3.6,1
IPG012ES,1
IPG1022ES,4
IPG1052ESX3,4
IPR2322ESX3.6,1
IPR312SX3,20
IPR418ESX3,5
IPR618ES6,6
IPR712S6,6
IPR722S4.3,1
IPR732ES4.3,1
IPS3108P,1
IPS5200E,1
IPS630E4,1
IRS1204,1
LB1022E,1
LBH30SF200,2
LBH30SW200W,70
LC2814DC,8
LD2122E4,4
LENS2.5-6MM,1
LENS-2.8MM-MP,11
LENS-3.6MM,14
LENS-4.3MM,32
LENS-6MM,39
LENS-6MM-MP,4
LENS-8MM,1
LENS-AHD-3.6MM,1
LENS-AHD-6MM,45
LENS-MTV-3.6-C,75
LG-55UB850T,1
LIRABS200W,1
LIRDBASF200,2
LMDES600,1
LR6122EX3.6,2
LTP4F,1
M20B1+N,48
MC-110S-20A,30
MC-110S-20B,30
MC-14-2A/B,1
MC-210S-20A,19
MC-210S-20B,19
MHD-2613/3.6,38
MHD-2620/3.6,1
MHD-3520,6
MHD-3750,58
MHD-3850,33
MIFAIRE CARDS,7
MR2922X,1
MR3042,1
MR-C10,1
MTL-ZB 24584,6
MTV-12,7
MTV-16,3
MTV3.6IR-3MP-EN,121
MTV-4.3,5
MTV-6,3
MTV6-IR(MP),2
MTV-8,1
MVR2104,1
MVR2108,6
MVR2216,1
MVR2316,5
NAV2036F,1
NAV-CLIENT/4M,1
ND-AHD-16H2M1,1
NDR104,1
NDR-120-48,3
NDR-240-48,4
NIC4,1
NV03105D.IR,19
NVR1108-HP,1
NVR116,1
NVR-2010-H1,14
NVR-2020-H2,19
NVR3604DP,1
NVR3608DE4W,21
NVR3816,1
NVR400L,1
NVR404C,3
NVR51T4E,10
NVR5832,5
NVR6216E,9
NVR7832,13
NVRL616HP,5
NVRL636,10
NVRL664,10
OWIZER Z1,1
P2R6522E2,13
P2R8822E2,3
P2R8822E4,1
P3T6522E2-F,10
P5R6552E2,1
P5R8852E2,7
PDV1211-24VAC,14
PHR-1012E2.8,129
PHR-2012E4,80
PIH-0012P6,19
PIH-0223P8,7
PIH-0368XWP,5
PIH-0422P6,1
PIH-1000SP,1
PIH-2020,1
PIH-2026P3.6,2
PIH-2052IRP3.6,1
PIH-206,1
PIH-2226P3.6,5
PIH-2226P6,2
PIH-2246P3.6,1
PIH-22L,16
PIH-2422P3.6,38
PIH-2422P6,30
PIH-2442P3.6,4
PIH-2622P6,1
PIH-2800ANR8S2,1
PIH-301B,4
PIH-302,14
PIH-303,1
PIH-303B,10
PIH-306,7
PIH-5003,2
PIH-5004B,170
PIH-5040S,181
PIH-5084,17
PIH-520HB,3
PIH-520L,1
PIH-6001,3
PIH-6002,7
PIH-76WMW,2
PIH-800EK,1
PIH-804III,2
PIH-820,1
PIH-932T,6
PIH-D110-MR,1
PIH-D110-MT,1
PIH-DF-20,1
PIH-FD1001TRM,14
PIH-FD1001TRS,1
PIH-IP01,26
PIH-IP03,5
PIH-IP03P,1
PIH-NC9400-2MP,1
PIH-NC9400-MP,1
PIH-NC9500-2MP,1
PIH-NC9500-MP,1
PIH-WM,36
PLH-0310MA-3M,3
PLH-550MA,1
PLH-550MM,9
PLH-AVD0516,1
PLH-AVD2514IR,12
PLH-AVD2814,1
PLH-ED4X2812D,2
PLH-VTK3018-LIL,5
PLH-VTK6018-LIL,2
PMH-12D6000-6CH,99
PMH-600EM,34
PMH-AMDRYZEN530,1
PMH-BEC-02,259
PMH-BEC-03,89
PMH-BT-03,129
PMH-F007EM-II,47
PMH-FK02GYW,1
PMH-FSHD4301VP,185
PMH-HT1612,20
PMH-IPC81,1
PMH-MC-32T,35
PMH-NS1024G,12
PMH-POE08130W-4,2
PMH-POE08260WAT,1
PMH-POE570WAT,9
PMH-POEAI104,1
PMH-POEAI6016,33
PMH-POEPS106,1
PMH-POEPS204,7
PMH-POEPS504,3
PMH-POEPS5081,1
PMH-Q3,35
PMH-R2-M,79
PMH-R3-M,19
PMH-RS232-B,8
PMH-RS485/USB,5
PMH-RT2418,6
PMH-SPRESS,50
PMHSV-SDI,13
PMZ-FUM-T1R-R,11
PMZ-FUM-T1R-T,10
POE48V,2
POE5-48,43
POE5-48-8,2
POE548-OD,21
POE6-48,9
POE6-48-OD,8
PRH-5440,1
PRH-5880,3
PS3108C,1
PSA16U-480(POE),1
PSR5024EX30,4
PS-TC-1203A,2
PT7K136XGL500,3
PW PSE-1612C,1
PW V1648,3
PW408S,7
PZD6422EX3,2
R26C,1
R2-M,2
R4-K H&EM,2
R4-K M,2
RJ45-CONNECTOR,60
RV02812D.IR,11
RV02812DB.IR,10
RV03312D.IR,11
RV03508D-A,46
RV0820DB.ICR,9
RX212,2
S26TPG-UK,40
S7R5588X30,1
SDP-R29,1
SDS900E,4
SHA-LC-39LE440M,4
SMFP313103-225F,4
SP001P-24AC,97
SP004,1
SR7022E4,1
T2EU3C-TX,1
TCNC9400S3EMPEI,1
TC-NR2020M7-S4,1
TL-PA251,5
TL-PA251KIT,7
TL-POE1OR,1
TL-SG1016D,1
TL-WA901ND,1
TTP111HD-PAIR,6
TTP111VGA,17
TV033105D.IR-BS,9
TV-PFA4150S/98,2
TX212,2
U20V2-A202,1
UHG1182E,5
UPS1000VA,1
VOE-HDMI-2100,10
VP-R47P,1
WA-VEDO S5,1
XPB+04,1
XVRDA2116DB,1
Z2R6522X,1
Z5R6552X,33
Z5R8852X,6
Z6R6552X3,1
Z6R8952X3,22
Z7R8182X10-P,1
Z7R8182X3-P,1
Z7R8182X3P06A1,2
ZD2322EX3,1
ZD6122EX3,1
ZG1232E,1
ZMR7722X,1
